,keywords,times,tf,idf,tfidf
942,in,346,0.013970202285298987,-5.846438775057725,-0.08167593233617204
213,at,246,0.009932571567004481,-5.5053315359323625,-0.054682099480734894
596,on,243,0.009811442645455647,-5.493061443340548,-0.0538948572992996
622,re,233,0.009407679573626196,-5.4510384535657,-0.05128162311466096
548,an,191,0.007711874671942504,-5.25227342804663,-0.040504874419869434
903,to,179,0.007227358985747163,-5.187385805840755,-0.03749109941638047
958,or,167,0.006742843299551823,-5.117993812416755,-0.034509830285202006
52,the,153,0.006177574998990592,-5.030437921392435,-0.031075907537168112
21,as,152,0.006137198691807648,-5.0238805208462765,-0.030832552960335692
503,Java,126,0.005087414705051076,-4.836281906951478,-0.02460417169119741
825,it,114,0.004602899018855735,-4.736198448394496,-0.02180024319122108
586,is,110,0.004441393790123955,-4.700480365792417,-0.020876684307230015
82,int,95,0.0038357491823797795,-4.553876891600541,-0.017467529563614945
853,of,73,0.0029474704243549884,-4.290459441148391,-0.012646002309679515
427,and,71,0.0028667178099890983,-4.2626798770413155,-0.012219900321796479
508,com,64,0.002584083659708483,-4.1588830833596715,-0.01074690181834776
804,are,60,0.002422578430976703,-4.0943445622221,-0.009918870825426012
636,all,60,0.002422578430976703,-4.0943445622221,-0.009918870825426012
905,no,58,0.002341825816610813,-4.060443010546419,-0.009508850268974535
710,hi,56,0.002261073202244923,-4.02535169073515,-0.009101614837532539
481,new,52,0.0020995679735131426,-3.951243718581427,-0.008295904767078541
714,obj,50,0.0020188153591472525,-3.912023005428146,-0.007897652128695736
697,for,50,0.0020188153591472525,-3.912023005428146,-0.007897652128695736
846,The,50,0.0020188153591472525,-3.912023005428146,-0.007897652128695736
678,Basics,49,0.0019784390519643072,-3.891820298110627,-0.007699729261009436
960,object,47,0.0018976864375984173,-3.8501476017100584,-0.007306372886517251
424,be,46,0.0018573101304154723,-3.828641396489095,-0.0071109744514272375
534,you,46,0.0018573101304154723,-3.828641396489095,-0.0071109744514272375
221,code,43,0.0017361812088666371,-3.7612001156935624,-0.006530124963654184
1003,But,42,0.001695804901683692,-3.7376696182833684,-0.006338358459559151
450,Button,41,0.001655428594500747,-3.713572066704308,-0.006147553386961547
590,class,40,0.001615052287317802,-3.6888794541139363,-0.005957733200006358
372,applet,38,0.001534299672951912,-3.6375861597263857,-0.005581147255202595
907,method,38,0.001534299672951912,-3.6375861597263857,-0.005581147255202595
463,not,36,0.0014535470585860218,-3.58351893845611,-0.005208813412380182
282,do,33,0.0013324181370371866,-3.4965075614664802,-0.0046588100911856035
538,use,32,0.0012920418298542416,-3.4657359027997265,-0.004477875757644901
42,data,31,0.0012516655226712965,-3.4339872044851463,-0.004298203389148445
695,Data,31,0.0012516655226712965,-3.4339872044851463,-0.004298203389148445
800,that,30,0.0012112892154883515,-3.4011973816621555,-0.004119833708154588
454,by,30,0.0012112892154883515,-3.4011973816621555,-0.004119833708154588
959,if,28,0.0011305366011224614,-3.332204510175204,-0.003767179161178411
155,All,28,0.0011305366011224614,-3.332204510175204,-0.003767179161178411
209,array,28,0.0011305366011224614,-3.332204510175204,-0.003767179161178411
313,your,27,0.0010901602939395163,-3.295836866004329,-0.003592990486619974
358,call,27,0.0010901602939395163,-3.295836866004329,-0.003592990486619974
604,serve,25,0.0010094076795736262,-3.2188758248682006,-0.0032491579772158524
457,public,24,0.0009690313723906812,-3.1780538303479458,-0.003079633864753531
30,jGuru,23,0.0009286550652077361,-3.1354942159291497,-0.002911792585552164
725,Rights,23,0.0009286550652077361,-3.1354942159291497,-0.002911792585552164
1012,Reserved,23,0.0009286550652077361,-3.1354942159291497,-0.002911792585552164
6,In,23,0.0009286550652077361,-3.1354942159291497,-0.002911792585552164
295,point,22,0.0008882787580247911,-3.0910424533583156,-0.002745707351471028
396,objects,22,0.0008882787580247911,-3.0910424533583156,-0.002745707351471028
199,refer,22,0.0008882787580247911,-3.0910424533583156,-0.002745707351471028
143,program,21,0.000847902450841846,-3.044522437723423,-0.002581458036588682
118,String,20,0.000807526143658901,-2.995732273553991,-0.002419132130297566
723,type,20,0.000807526143658901,-2.995732273553991,-0.002419132130297566
332,Applet,19,0.000767149836475956,-2.9444389791664407,-0.0022588258813809655
147,example,19,0.000767149836475956,-2.9444389791664407,-0.0022588258813809655
273,init,19,0.000767149836475956,-2.9444389791664407,-0.0022588258813809655
742,pre,19,0.000767149836475956,-2.9444389791664407,-0.0022588258813809655
581,one,19,0.000767149836475956,-2.9444389791664407,-0.0022588258813809655
104,here,18,0.0007267735292930109,-2.890371757896165,-0.00210064568345504
512,comment,18,0.0007267735292930109,-2.890371757896165,-0.00210064568345504
467,ack,17,0.0006863972221100658,-2.833213344056216,-0.001944709769005357
491,so,16,0.0006460209149271208,-2.772588722239781,-0.0017911503030579603
796,allocate,16,0.0006460209149271208,-2.772588722239781,-0.0017911503030579603
603,pointer,16,0.0006460209149271208,-2.772588722239781,-0.0017911503030579603
691,define,16,0.0006460209149271208,-2.772588722239781,-0.0017911503030579603
810,return,15,0.0006056446077441757,-2.70805020110221,-0.0016401160017980843
131,For,15,0.0006056446077441757,-2.70805020110221,-0.0016401160017980843
896,void,15,0.0006056446077441757,-2.70805020110221,-0.0016401160017980843
384,ten,14,0.0005652683005612307,-2.639057329615259,-0.001491775451795277
444,memory,14,0.0005652683005612307,-2.639057329615259,-0.001491775451795277
431,language,14,0.0005652683005612307,-2.639057329615259,-0.001491775451795277
774,reference,14,0.0005652683005612307,-2.639057329615259,-0.001491775451795277
973,This,14,0.0005652683005612307,-2.639057329615259,-0.001491775451795277
814,const,14,0.0005652683005612307,-2.639057329615259,-0.001491775451795277
704,types,13,0.0005248919933782856,-2.5649493574615367,-0.001346321381152339
34,can,13,0.0005248919933782856,-2.5649493574615367,-0.001346321381152339
18,port,13,0.0005248919933782856,-2.5649493574615367,-0.001346321381152339
387,element,13,0.0005248919933782856,-2.5649493574615367,-0.001346321381152339
16,run,13,0.0005248919933782856,-2.5649493574615367,-0.001346321381152339
632,but,13,0.0005248919933782856,-2.5649493574615367,-0.001346321381152339
922,make,13,0.0005248919933782856,-2.5649493574615367,-0.001346321381152339
906,operator,12,0.0004845156861953406,-2.4849066497880004,-0.001203976250553398
26,time,12,0.0004845156861953406,-2.4849066497880004,-0.001203976250553398
964,string,12,0.0004845156861953406,-2.4849066497880004,-0.001203976250553398
353,may,12,0.0004845156861953406,-2.4849066497880004,-0.001203976250553398
200,null,12,0.0004845156861953406,-2.4849066497880004,-0.001203976250553398
952,comments,12,0.0004845156861953406,-2.4849066497880004,-0.001203976250553398
23,No,12,0.0004845156861953406,-2.4849066497880004,-0.001203976250553398
901,param,12,0.0004845156861953406,-2.4849066497880004,-0.001203976250553398
53,has,12,0.0004845156861953406,-2.4849066497880004,-0.001203976250553398
612,with,12,0.0004845156861953406,-2.4849066497880004,-0.001203976250553398
58,browser,11,0.00044413937901239555,-2.3978952727983707,-0.0010649997173974271
591,BasicsJava,11,0.00044413937901239555,-2.3978952727983707,-0.0010649997173974271
871,out,11,0.00044413937901239555,-2.3978952727983707,-0.0010649997173974271
599,up,11,0.00044413937901239555,-2.3978952727983707,-0.0010649997173974271
665,methods,11,0.00044413937901239555,-2.3978952727983707,-0.0010649997173974271
813,end,11,0.00044413937901239555,-2.3978952727983707,-0.0010649997173974271
801,variable,10,0.0004037630718294505,-2.3025850929940455,-0.0009296988302959767
432,same,10,0.0004037630718294505,-2.3025850929940455,-0.0009296988302959767
239,system,10,0.0004037630718294505,-2.3025850929940455,-0.0009296988302959767
520,runtime,10,0.0004037630718294505,-2.3025850929940455,-0.0009296988302959767
919,this,10,0.0004037630718294505,-2.3025850929940455,-0.0009296988302959767
594,defined,10,0.0004037630718294505,-2.3025850929940455,-0.0009296988302959767
889,value,10,0.0004037630718294505,-2.3025850929940455,-0.0009296988302959767
235,would,10,0.0004037630718294505,-2.3025850929940455,-0.0009296988302959767
250,file,10,0.0004037630718294505,-2.3025850929940455,-0.0009296988302959767
519,expr,10,0.0004037630718294505,-2.3025850929940455,-0.0009296988302959767
391,application,10,0.0004037630718294505,-2.3025850929940455,-0.0009296988302959767
380,form,10,0.0004037630718294505,-2.3025850929940455,-0.0009296988302959767
404,following,10,0.0004037630718294505,-2.3025850929940455,-0.0009296988302959767
193,any,10,0.0004037630718294505,-2.3025850929940455,-0.0009296988302959767
830,main,9,0.00036338676464650545,-2.1972245773362196,-0.0007984423303599943
957,called,9,0.00036338676464650545,-2.1972245773362196,-0.0007984423303599943
744,To,9,0.00036338676464650545,-2.1972245773362196,-0.0007984423303599943
480,parameter,9,0.00036338676464650545,-2.1972245773362196,-0.0007984423303599943
850,two,9,0.00036338676464650545,-2.1972245773362196,-0.0007984423303599943
411,have,9,0.00036338676464650545,-2.1972245773362196,-0.0007984423303599943
523,primitive,9,0.00036338676464650545,-2.1972245773362196,-0.0007984423303599943
45,java,9,0.00036338676464650545,-2.1972245773362196,-0.0007984423303599943
625,boolean,9,0.00036338676464650545,-2.1972245773362196,-0.0007984423303599943
178,ill,9,0.00036338676464650545,-2.1972245773362196,-0.0007984423303599943
501,does,9,0.00036338676464650545,-2.1972245773362196,-0.0007984423303599943
819,cause,8,0.0003230104574635604,-2.0794415416798357,-0.000671681363646735
414,source,8,0.0003230104574635604,-2.0794415416798357,-0.000671681363646735
374,byte,8,0.0003230104574635604,-2.0794415416798357,-0.000671681363646735
146,applets,8,0.0003230104574635604,-2.0794415416798357,-0.000671681363646735
583,An,8,0.0003230104574635604,-2.0794415416798357,-0.000671681363646735
289,applications,8,0.0003230104574635604,-2.0794415416798357,-0.000671681363646735
471,when,8,0.0003230104574635604,-2.0794415416798357,-0.000671681363646735
388,ints,8,0.0003230104574635604,-2.0794415416798357,-0.000671681363646735
69,constant,8,0.0003230104574635604,-2.0794415416798357,-0.000671681363646735
937,size,8,0.0003230104574635604,-2.0794415416798357,-0.000671681363646735
433,programs,8,0.0003230104574635604,-2.0794415416798357,-0.000671681363646735
196,bit,8,0.0003230104574635604,-2.0794415416798357,-0.000671681363646735
119,style,8,0.0003230104574635604,-2.0794415416798357,-0.000671681363646735
908,there,8,0.0003230104574635604,-2.0794415416798357,-0.000671681363646735
882,definition,8,0.0003230104574635604,-2.0794415416798357,-0.000671681363646735
770,collection,8,0.0003230104574635604,-2.0794415416798357,-0.000671681363646735
544,You,8,0.0003230104574635604,-2.0794415416798357,-0.000671681363646735
962,these,7,0.00028263415028061535,-1.9459101490553135,-0.000549980661500674
140,garbage,7,0.00028263415028061535,-1.9459101490553135,-0.000549980661500674
390,table,7,0.00028263415028061535,-1.9459101490553135,-0.000549980661500674
185,OK,7,0.00028263415028061535,-1.9459101490553135,-0.000549980661500674
425,state,7,0.00028263415028061535,-1.9459101490553135,-0.000549980661500674
296,draw,7,0.00028263415028061535,-1.9459101490553135,-0.000549980661500674
663,literal,7,0.00028263415028061535,-1.9459101490553135,-0.000549980661500674
983,such,7,0.00028263415028061535,-1.9459101490553135,-0.000549980661500674
935,args,7,0.00028263415028061535,-1.9459101490553135,-0.000549980661500674
504,foo,7,0.00028263415028061535,-1.9459101490553135,-0.000549980661500674
439,bits,7,0.00028263415028061535,-1.9459101490553135,-0.000549980661500674
101,via,7,0.00028263415028061535,-1.9459101490553135,-0.000549980661500674
843,button,7,0.00028263415028061535,-1.9459101490553135,-0.000549980661500674
565,contain,7,0.00028263415028061535,-1.9459101490553135,-0.000549980661500674
451,Stack,6,0.0002422578430976703,-1.791759469228055,-0.00043406778436501516
85,heap,6,0.0002422578430976703,-1.791759469228055,-0.00043406778436501516
25,thread,6,0.0002422578430976703,-1.791759469228055,-0.00043406778436501516
17,instance,6,0.0002422578430976703,-1.791759469228055,-0.00043406778436501516
248,execute,6,0.0002422578430976703,-1.791759469228055,-0.00043406778436501516
78,parameters,6,0.0002422578430976703,-1.791759469228055,-0.00043406778436501516
187,portable,6,0.0002422578430976703,-1.791759469228055,-0.00043406778436501516
115,arrays,6,0.0002422578430976703,-1.791759469228055,-0.00043406778436501516
220,automatic,6,0.0002422578430976703,-1.791759469228055,-0.00043406778436501516
845,equivalent,6,0.0002422578430976703,-1.791759469228055,-0.00043406778436501516
420,from,6,0.0002422578430976703,-1.791759469228055,-0.00043406778436501516
493,name,6,0.0002422578430976703,-1.791759469228055,-0.00043406778436501516
338,Object,6,0.0002422578430976703,-1.791759469228055,-0.00043406778436501516
664,need,6,0.0002422578430976703,-1.791759469228055,-0.00043406778436501516
530,pointers,6,0.0002422578430976703,-1.791759469228055,-0.00043406778436501516
350,sizeof,6,0.0002422578430976703,-1.791759469228055,-0.00043406778436501516
413,struct,6,0.0002422578430976703,-1.791759469228055,-0.00043406778436501516
994,they,6,0.0002422578430976703,-1.791759469228055,-0.00043406778436501516
114,create,6,0.0002422578430976703,-1.791759469228055,-0.00043406778436501516
3,width,6,0.0002422578430976703,-1.791759469228055,-0.00043406778436501516
90,calloc,6,0.0002422578430976703,-1.791759469228055,-0.00043406778436501516
298,Array,6,0.0002422578430976703,-1.791759469228055,-0.00043406778436501516
379,nor,6,0.0002422578430976703,-1.791759469228055,-0.00043406778436501516
312,platform,5,0.00020188153591472525,-1.6094379124341003,-0.00032491579772158524
531,signed,5,0.00020188153591472525,-1.6094379124341003,-0.00032491579772158524
219,It,5,0.00020188153591472525,-1.6094379124341003,-0.00032491579772158524
489,like,5,0.00020188153591472525,-1.6094379124341003,-0.00032491579772158524
241,static,5,0.00020188153591472525,-1.6094379124341003,-0.00032491579772158524
246,variables,5,0.00020188153591472525,-1.6094379124341003,-0.00032491579772158524
674,import,5,0.00020188153591472525,-1.6094379124341003,-0.00032491579772158524
205,using,5,0.00020188153591472525,-1.6094379124341003,-0.00032491579772158524
470,while,5,0.00020188153591472525,-1.6094379124341003,-0.00032491579772158524
303,write,5,0.00020188153591472525,-1.6094379124341003,-0.00032491579772158524
699,should,5,0.00020188153591472525,-1.6094379124341003,-0.00032491579772158524
979,instantiate,5,0.00020188153591472525,-1.6094379124341003,-0.00032491579772158524
872,similar,5,0.00020188153591472525,-1.6094379124341003,-0.00032491579772158524
759,way,5,0.00020188153591472525,-1.6094379124341003,-0.00032491579772158524
1000,p1,5,0.00020188153591472525,-1.6094379124341003,-0.00032491579772158524
926,other,5,0.00020188153591472525,-1.6094379124341003,-0.00032491579772158524
978,version,5,0.00020188153591472525,-1.6094379124341003,-0.00032491579772158524
44,used,5,0.00020188153591472525,-1.6094379124341003,-0.00032491579772158524
426,length,5,0.00020188153591472525,-1.6094379124341003,-0.00032491579772158524
575,Primitive,5,0.00020188153591472525,-1.6094379124341003,-0.00032491579772158524
314,p2,5,0.00020188153591472525,-1.6094379124341003,-0.00032491579772158524
342,compile,5,0.00020188153591472525,-1.6094379124341003,-0.00032491579772158524
820,elements,5,0.00020188153591472525,-1.6094379124341003,-0.00032491579772158524
963,machine,5,0.00020188153591472525,-1.6094379124341003,-0.00032491579772158524
100,test,5,0.00020188153591472525,-1.6094379124341003,-0.00032491579772158524
885,allocates,5,0.00020188153591472525,-1.6094379124341003,-0.00032491579772158524
651,tag,5,0.00020188153591472525,-1.6094379124341003,-0.00032491579772158524
277,threads,5,0.00020188153591472525,-1.6094379124341003,-0.00032491579772158524
653,executed,5,0.00020188153591472525,-1.6094379124341003,-0.00032491579772158524
568,where,5,0.00020188153591472525,-1.6094379124341003,-0.00032491579772158524
448,passed,5,0.00020188153591472525,-1.6094379124341003,-0.00032491579772158524
971,set,5,0.00020188153591472525,-1.6094379124341003,-0.00032491579772158524
267,Note,5,0.00020188153591472525,-1.6094379124341003,-0.00032491579772158524
167,effect,5,0.00020188153591472525,-1.6094379124341003,-0.00032491579772158524
168,only,5,0.00020188153591472525,-1.6094379124341003,-0.00032491579772158524
284,equal,5,0.00020188153591472525,-1.6094379124341003,-0.00032491579772158524
811,because,5,0.00020188153591472525,-1.6094379124341003,-0.00032491579772158524
474,very,5,0.00020188153591472525,-1.6094379124341003,-0.00032491579772158524
740,don,5,0.00020188153591472525,-1.6094379124341003,-0.00032491579772158524
361,predefined,5,0.00020188153591472525,-1.6094379124341003,-0.00032491579772158524
276,statement,5,0.00020188153591472525,-1.6094379124341003,-0.00032491579772158524
783,convert,4,0.0001615052287317802,-1.3862943611198906,-0.00022389378788224503
887,semantics,4,0.0001615052287317802,-1.3862943611198906,-0.00022389378788224503
500,place,4,0.0001615052287317802,-1.3862943611198906,-0.00022389378788224503
294,Graphics,4,0.0001615052287317802,-1.3862943611198906,-0.00022389378788224503
41,space,4,0.0001615052287317802,-1.3862943611198906,-0.00022389378788224503
509,Garbage,4,0.0001615052287317802,-1.3862943611198906,-0.00022389378788224503
777,else,4,0.0001615052287317802,-1.3862943611198906,-0.00022389378788224503
306,strings,4,0.0001615052287317802,-1.3862943611198906,-0.00022389378788224503
255,exception,4,0.0001615052287317802,-1.3862943611198906,-0.00022389378788224503
884,look,4,0.0001615052287317802,-1.3862943611198906,-0.00022389378788224503
786,clone,4,0.0001615052287317802,-1.3862943611198906,-0.00022389378788224503
909,uses,4,0.0001615052287317802,-1.3862943611198906,-0.00022389378788224503
731,Integer,4,0.0001615052287317802,-1.3862943611198906,-0.00022389378788224503
309,System,4,0.0001615052287317802,-1.3862943611198906,-0.00022389378788224503
728,library,4,0.0001615052287317802,-1.3862943611198906,-0.00022389378788224503
133,must,4,0.0001615052287317802,-1.3862943611198906,-0.00022389378788224503
129,makes,4,0.0001615052287317802,-1.3862943611198906,-0.00022389378788224503
954,start,4,0.0001615052287317802,-1.3862943611198906,-0.00022389378788224503
128,animations,4,0.0001615052287317802,-1.3862943611198906,-0.00022389378788224503
683,We,4,0.0001615052287317802,-1.3862943611198906,-0.00022389378788224503
11,println,4,0.0001615052287317802,-1.3862943611198906,-0.00022389378788224503
145,drawn,4,0.0001615052287317802,-1.3862943611198906,-0.00022389378788224503
763,document,4,0.0001615052287317802,-1.3862943611198906,-0.00022389378788224503
459,stack,4,0.0001615052287317802,-1.3862943611198906,-0.00022389378788224503
371,line,4,0.0001615052287317802,-1.3862943611198906,-0.00022389378788224503
10,compiler,4,0.0001615052287317802,-1.3862943611198906,-0.00022389378788224503
680,paint,4,0.0001615052287317802,-1.3862943611198906,-0.00022389378788224503
395,extend,4,0.0001615052287317802,-1.3862943611198906,-0.00022389378788224503
75,consider,4,0.0001615052287317802,-1.3862943611198906,-0.00022389378788224503
823,invoke,4,0.0001615052287317802,-1.3862943611198906,-0.00022389378788224503
698,initial,4,0.0001615052287317802,-1.3862943611198906,-0.00022389378788224503
930,Expressions,4,0.0001615052287317802,-1.3862943611198906,-0.00022389378788224503
982,definitions,4,0.0001615052287317802,-1.3862943611198906,-0.00022389378788224503
214,NULL,4,0.0001615052287317802,-1.3862943611198906,-0.00022389378788224503
938,true,4,0.0001615052287317802,-1.3862943611198906,-0.00022389378788224503
526,view,4,0.0001615052287317802,-1.3862943611198906,-0.00022389378788224503
848,pointernull,4,0.0001615052287317802,-1.3862943611198906,-0.00022389378788224503
532,copy,4,0.0001615052287317802,-1.3862943611198906,-0.00022389378788224503
198,free,4,0.0001615052287317802,-1.3862943611198906,-0.00022389378788224503
756,As,4,0.0001615052287317802,-1.3862943611198906,-0.00022389378788224503
661,super,4,0.0001615052287317802,-1.3862943611198906,-0.00022389378788224503
336,stop,4,0.0001615052287317802,-1.3862943611198906,-0.00022389378788224503
645,getParameter,4,0.0001615052287317802,-1.3862943611198906,-0.00022389378788224503
560,How,4,0.0001615052287317802,-1.3862943611198906,-0.00022389378788224503
545,WWW,4,0.0001615052287317802,-1.3862943611198906,-0.00022389378788224503
382,extends,3,0.00012112892154883515,-1.0986122886681098,-0.0001330737217266657
322,therefore,3,0.00012112892154883515,-1.0986122886681098,-0.0001330737217266657
788,include,3,0.00012112892154883515,-1.0986122886681098,-0.0001330737217266657
319,QUIT,3,0.00012112892154883515,-1.0986122886681098,-0.0001330737217266657
861,defines,3,0.00012112892154883515,-1.0986122886681098,-0.0001330737217266657
693,TrivialApplication,3,0.00012112892154883515,-1.0986122886681098,-0.0001330737217266657
818,text,3,0.00012112892154883515,-1.0986122886681098,-0.0001330737217266657
857,will,3,0.00012112892154883515,-1.0986122886681098,-0.0001330737217266657
795,HTML,3,0.00012112892154883515,-1.0986122886681098,-0.0001330737217266657
855,blah,3,0.00012112892154883515,-1.0986122886681098,-0.0001330737217266657
290,shows,3,0.00012112892154883515,-1.0986122886681098,-0.0001330737217266657
4,which,3,0.00012112892154883515,-1.0986122886681098,-0.0001330737217266657
662,collector,3,0.00012112892154883515,-1.0986122886681098,-0.0001330737217266657
429,arithmetic,3,0.00012112892154883515,-1.0986122886681098,-0.0001330737217266657
866,operators,3,0.00012112892154883515,-1.0986122886681098,-0.0001330737217266657
836,nothing,3,0.00012112892154883515,-1.0986122886681098,-0.0001330737217266657
656,assigned,3,0.00012112892154883515,-1.0986122886681098,-0.0001330737217266657
368,now,3,0.00012112892154883515,-1.0986122886681098,-0.0001330737217266657
910,been,3,0.00012112892154883515,-1.0986122886681098,-0.0001330737217266657
180,programming,3,0.00012112892154883515,-1.0986122886681098,-0.0001330737217266657
916,hard,3,0.00012112892154883515,-1.0986122886681098,-0.0001330737217266657
421,allow,3,0.00012112892154883515,-1.0986122886681098,-0.0001330737217266657
555,access,3,0.00012112892154883515,-1.0986122886681098,-0.0001330737217266657
527,final,3,0.00012112892154883515,-1.0986122886681098,-0.0001330737217266657
88,inthis,3,0.00012112892154883515,-1.0986122886681098,-0.0001330737217266657
134,Variables,3,0.00012112892154883515,-1.0986122886681098,-0.0001330737217266657
89,statements,3,0.00012112892154883515,-1.0986122886681098,-0.0001330737217266657
192,link,3,0.00012112892154883515,-1.0986122886681098,-0.0001330737217266657
48,optional,3,0.00012112892154883515,-1.0986122886681098,-0.0001330737217266657
685,address,3,0.00012112892154883515,-1.0986122886681098,-0.0001330737217266657
184,within,3,0.00012112892154883515,-1.0986122886681098,-0.0001330737217266657
95,default,3,0.00012112892154883515,-1.0986122886681098,-0.0001330737217266657
176,each,3,0.00012112892154883515,-1.0986122886681098,-0.0001330737217266657
175,Allocate,3,0.00012112892154883515,-1.0986122886681098,-0.0001330737217266657
615,first,3,0.00012112892154883515,-1.0986122886681098,-0.0001330737217266657
564,label,3,0.00012112892154883515,-1.0986122886681098,-0.0001330737217266657
598,allocated,3,0.00012112892154883515,-1.0986122886681098,-0.0001330737217266657
86,loop,3,0.00012112892154883515,-1.0986122886681098,-0.0001330737217266657
600,compilation,3,0.00012112892154883515,-1.0986122886681098,-0.0001330737217266657
166,equals,3,0.00012112892154883515,-1.0986122886681098,-0.0001330737217266657
951,easily,3,0.00012112892154883515,-1.0986122886681098,-0.0001330737217266657
356,edu,3,0.00012112892154883515,-1.0986122886681098,-0.0001330737217266657
692,case,3,0.00012112892154883515,-1.0986122886681098,-0.0001330737217266657
602,output,3,0.00012112892154883515,-1.0986122886681098,-0.0001330737217266657
76,bfoo,3,0.00012112892154883515,-1.0986122886681098,-0.0001330737217266657
772,GUI,3,0.00012112892154883515,-1.0986122886681098,-0.0001330737217266657
43,than,3,0.00012112892154883515,-1.0986122886681098,-0.0001330737217266657
153,function,3,0.00012112892154883515,-1.0986122886681098,-0.0001330737217266657
967,references,3,0.00012112892154883515,-1.0986122886681098,-0.0001330737217266657
161,section,3,0.00012112892154883515,-1.0986122886681098,-0.0001330737217266657
283,resources,3,0.00012112892154883515,-1.0986122886681098,-0.0001330737217266657
977,those,3,0.00012112892154883515,-1.0986122886681098,-0.0001330737217266657
932,messages,3,0.00012112892154883515,-1.0986122886681098,-0.0001330737217266657
50,TypeName,3,0.00012112892154883515,-1.0986122886681098,-0.0001330737217266657
487,part,3,0.00012112892154883515,-1.0986122886681098,-0.0001330737217266657
57,dispose,3,0.00012112892154883515,-1.0986122886681098,-0.0001330737217266657
494,There,3,0.00012112892154883515,-1.0986122886681098,-0.0001330737217266657
642,Statements,3,0.00012112892154883515,-1.0986122886681098,-0.0001330737217266657
215,Init,3,0.00012112892154883515,-1.0986122886681098,-0.0001330737217266657
126,own,3,0.00012112892154883515,-1.0986122886681098,-0.0001330737217266657
627,reside,3,0.00012112892154883515,-1.0986122886681098,-0.0001330737217266657
162,char,3,0.00012112892154883515,-1.0986122886681098,-0.0001330737217266657
914,These,3,0.00012112892154883515,-1.0986122886681098,-0.0001330737217266657
878,By,3,0.00012112892154883515,-1.0986122886681098,-0.0001330737217266657
113,package,3,0.00012112892154883515,-1.0986122886681098,-0.0001330737217266657
77,destroy,3,0.00012112892154883515,-1.0986122886681098,-0.0001330737217266657
633,leave,3,0.00012112892154883515,-1.0986122886681098,-0.0001330737217266657
511,ignore,3,0.00012112892154883515,-1.0986122886681098,-0.0001330737217266657
898,always,3,0.00012112892154883515,-1.0986122886681098,-0.0001330737217266657
629,initialize,3,0.00012112892154883515,-1.0986122886681098,-0.0001330737217266657
900,stat1,3,0.00012112892154883515,-1.0986122886681098,-0.0001330737217266657
895,appletviewer,3,0.00012112892154883515,-1.0986122886681098,-0.0001330737217266657
517,either,3,0.00012112892154883515,-1.0986122886681098,-0.0001330737217266657
79,buttons,3,0.00012112892154883515,-1.0986122886681098,-0.0001330737217266657
81,automatically,3,0.00012112892154883515,-1.0986122886681098,-0.0001330737217266657
51,life,3,0.00012112892154883515,-1.0986122886681098,-0.0001330737217266657
689,codevoid,3,0.00012112892154883515,-1.0986122886681098,-0.0001330737217266657
237,into,3,0.00012112892154883515,-1.0986122886681098,-0.0001330737217266657
522,height,3,0.00012112892154883515,-1.0986122886681098,-0.0001330737217266657
234,limited,3,0.00012112892154883515,-1.0986122886681098,-0.0001330737217266657
521,dynamic,3,0.00012112892154883515,-1.0986122886681098,-0.0001330737217266657
224,contrast,3,0.00012112892154883515,-1.0986122886681098,-0.0001330737217266657
217,push,3,0.00012112892154883515,-1.0986122886681098,-0.0001330737217266657
999,between,3,0.00012112892154883515,-1.0986122886681098,-0.0001330737217266657
624,suspend,2,8.07526143658901e-05,-0.6931471805599453,-5.597344697056126e-05
646,Unlike,2,8.07526143658901e-05,-0.6931471805599453,-5.597344697056126e-05
608,classes,2,8.07526143658901e-05,-0.6931471805599453,-5.597344697056126e-05
422,handle,2,8.07526143658901e-05,-0.6931471805599453,-5.597344697056126e-05
641,complete,2,8.07526143658901e-05,-0.6931471805599453,-5.597344697056126e-05
588,come,2,8.07526143658901e-05,-0.6931471805599453,-5.597344697056126e-05
419,perform,2,8.07526143658901e-05,-0.6931471805599453,-5.597344697056126e-05
628,once,2,8.07526143658901e-05,-0.6931471805599453,-5.597344697056126e-05
660,continue,2,8.07526143658901e-05,-0.6931471805599453,-5.597344697056126e-05
567,keyword,2,8.07526143658901e-05,-0.6931471805599453,-5.597344697056126e-05
672,TRUE,2,8.07526143658901e-05,-0.6931471805599453,-5.597344697056126e-05
460,robust,2,8.07526143658901e-05,-0.6931471805599453,-5.597344697056126e-05
302,environment,2,8.07526143658901e-05,-0.6931471805599453,-5.597344697056126e-05
720,World,2,8.07526143658901e-05,-0.6931471805599453,-5.597344697056126e-05
631,display,2,8.07526143658901e-05,-0.6931471805599453,-5.597344697056126e-05
461,comparison,2,8.07526143658901e-05,-0.6931471805599453,-5.597344697056126e-05
496,instanceof,2,8.07526143658901e-05,-0.6931471805599453,-5.597344697056126e-05
789,addresses,2,8.07526143658901e-05,-0.6931471805599453,-5.597344697056126e-05
585,itself,2,8.07526143658901e-05,-0.6931471805599453,-5.597344697056126e-05
670,syntax,2,8.07526143658901e-05,-0.6931471805599453,-5.597344697056126e-05
533,menu,2,8.07526143658901e-05,-0.6931471805599453,-5.597344697056126e-05
458,delimited,2,8.07526143658901e-05,-0.6931471805599453,-5.597344697056126e-05
760,handling,2,8.07526143658901e-05,-0.6931471805599453,-5.597344697056126e-05
767,Employee,2,8.07526143658901e-05,-0.6931471805599453,-5.597344697056126e-05
462,versions,2,8.07526143658901e-05,-0.6931471805599453,-5.597344697056126e-05
781,bar,2,8.07526143658901e-05,-0.6931471805599453,-5.597344697056126e-05
498,documentation,2,8.07526143658901e-05,-0.6931471805599453,-5.597344697056126e-05
502,labels,2,8.07526143658901e-05,-0.6931471805599453,-5.597344697056126e-05
473,Constant,2,8.07526143658901e-05,-0.6931471805599453,-5.597344697056126e-05
658,bad,2,8.07526143658901e-05,-0.6931471805599453,-5.597344697056126e-05
513,Vector,2,8.07526143658901e-05,-0.6931471805599453,-5.597344697056126e-05
468,left,2,8.07526143658901e-05,-0.6931471805599453,-5.597344697056126e-05
478,codeint,2,8.07526143658901e-05,-0.6931471805599453,-5.597344697056126e-05
640,FALSE,2,8.07526143658901e-05,-0.6931471805599453,-5.597344697056126e-05
961,break,2,8.07526143658901e-05,-0.6931471805599453,-5.597344697056126e-05
888,contains,2,8.07526143658901e-05,-0.6931471805599453,-5.597344697056126e-05
437,yet,2,8.07526143658901e-05,-0.6931471805599453,-5.597344697056126e-05
572,valid,2,8.07526143658901e-05,-0.6931471805599453,-5.597344697056126e-05
570,containing,2,8.07526143658901e-05,-0.6931471805599453,-5.597344697056126e-05
569,done,2,8.07526143658901e-05,-0.6931471805599453,-5.597344697056126e-05
739,constant3,2,8.07526143658901e-05,-0.6931471805599453,-5.597344697056126e-05
299,non,2,8.07526143658901e-05,-0.6931471805599453,-5.597344697056126e-05
578,unit,2,8.07526143658901e-05,-0.6931471805599453,-5.597344697056126e-05
540,prints,2,8.07526143658901e-05,-0.6931471805599453,-5.597344697056126e-05
558,freed,2,8.07526143658901e-05,-0.6931471805599453,-5.597344697056126e-05
694,causes,2,8.07526143658901e-05,-0.6931471805599453,-5.597344697056126e-05
791,list,2,8.07526143658901e-05,-0.6931471805599453,-5.597344697056126e-05
679,host,2,8.07526143658901e-05,-0.6931471805599453,-5.597344697056126e-05
654,Portability,2,8.07526143658901e-05,-0.6931471805599453,-5.597344697056126e-05
72,declare,2,8.07526143658901e-05,-0.6931471805599453,-5.597344697056126e-05
643,Web,2,8.07526143658901e-05,-0.6931471805599453,-5.597344697056126e-05
436,Accessing,2,8.07526143658901e-05,-0.6931471805599453,-5.597344697056126e-05
84,added,2,8.07526143658901e-05,-0.6931471805599453,-5.597344697056126e-05
252,Create,2,8.07526143658901e-05,-0.6931471805599453,-5.597344697056126e-05
260,however,2,8.07526143658901e-05,-0.6931471805599453,-5.597344697056126e-05
268,second,2,8.07526143658901e-05,-0.6931471805599453,-5.597344697056126e-05
879,etc,2,8.07526143658901e-05,-0.6931471805599453,-5.597344697056126e-05
877,false,2,8.07526143658901e-05,-0.6931471805599453,-5.597344697056126e-05
278,secure,2,8.07526143658901e-05,-0.6931471805599453,-5.597344697056126e-05
102,dereference,2,8.07526143658901e-05,-0.6931471805599453,-5.597344697056126e-05
80,placed,2,8.07526143658901e-05,-0.6931471805599453,-5.597344697056126e-05
93,standard,2,8.07526143658901e-05,-0.6931471805599453,-5.597344697056126e-05
285,thesame,2,8.07526143658901e-05,-0.6931471805599453,-5.597344697056126e-05
292,So,2,8.07526143658901e-05,-0.6931471805599453,-5.597344697056126e-05
868,constructor,2,8.07526143658901e-05,-0.6931471805599453,-5.597344697056126e-05
73,integer,2,8.07526143658901e-05,-0.6931471805599453,-5.597344697056126e-05
434,subclass,2,8.07526143658901e-05,-0.6931471805599453,-5.597344697056126e-05
87,longer,2,8.07526143658901e-05,-0.6931471805599453,-5.597344697056126e-05
897,creates,2,8.07526143658901e-05,-0.6931471805599453,-5.597344697056126e-05
782,stylecomments,2,8.07526143658901e-05,-0.6931471805599453,-5.597344697056126e-05
399,components,2,8.07526143658901e-05,-0.6931471805599453,-5.597344697056126e-05
7,Assignment,2,8.07526143658901e-05,-0.6931471805599453,-5.597344697056126e-05
189,Hello,2,8.07526143658901e-05,-0.6931471805599453,-5.597344697056126e-05
186,lifecycle,2,8.07526143658901e-05,-0.6931471805599453,-5.597344697056126e-05
183,simple,2,8.07526143658901e-05,-0.6931471805599453,-5.597344697056126e-05
181,concatenate,2,8.07526143658901e-05,-0.6931471805599453,-5.597344697056126e-05
179,ButtonsButton,2,8.07526143658901e-05,-0.6931471805599453,-5.597344697056126e-05
154,idi,2,8.07526143658901e-05,-0.6931471805599453,-5.597344697056126e-05
117,alt,2,8.07526143658901e-05,-0.6931471805599453,-5.597344697056126e-05
110,ignored,2,8.07526143658901e-05,-0.6931471805599453,-5.597344697056126e-05
109,TrivialApplet,2,8.07526143658901e-05,-0.6931471805599453,-5.597344697056126e-05
286,hardware,2,8.07526143658901e-05,-0.6931471805599453,-5.597344697056126e-05
320,Strings,2,8.07526143658901e-05,-0.6931471805599453,-5.597344697056126e-05
317,IEEE,2,8.07526143658901e-05,-0.6931471805599453,-5.597344697056126e-05
61,their,2,8.07526143658901e-05,-0.6931471805599453,-5.597344697056126e-05
946,error,2,8.07526143658901e-05,-0.6931471805599453,-5.597344697056126e-05
174,specific,2,8.07526143658901e-05,-0.6931471805599453,-5.597344697056126e-05
948,Every,2,8.07526143658901e-05,-0.6931471805599453,-5.597344697056126e-05
918,features,2,8.07526143658901e-05,-0.6931471805599453,-5.597344697056126e-05
305,ObjectsA,2,8.07526143658901e-05,-0.6931471805599453,-5.597344697056126e-05
195,inC,2,8.07526143658901e-05,-0.6931471805599453,-5.597344697056126e-05
950,just,2,8.07526143658901e-05,-0.6931471805599453,-5.597344697056126e-05
203,task,2,8.07526143658901e-05,-0.6931471805599453,-5.597344697056126e-05
130,Wide,2,8.07526143658901e-05,-0.6931471805599453,-5.597344697056126e-05
207,bounds,2,8.07526143658901e-05,-0.6931471805599453,-5.597344697056126e-05
171,window,2,8.07526143658901e-05,-0.6931471805599453,-5.597344697056126e-05
218,ExpressionsItemExamples,2,8.07526143658901e-05,-0.6931471805599453,-5.597344697056126e-05
123,Program,2,8.07526143658901e-05,-0.6931471805599453,-5.597344697056126e-05
122,structure,2,8.07526143658901e-05,-0.6931471805599453,-5.597344697056126e-05
121,them,2,8.07526143658901e-05,-0.6931471805599453,-5.597344697056126e-05
236,II,2,8.07526143658901e-05,-0.6931471805599453,-5.597344697056126e-05
138,instantiates,2,8.07526143658901e-05,-0.6931471805599453,-5.597344697056126e-05
321,during,2,8.07526143658901e-05,-0.6931471805599453,-5.597344697056126e-05
955,Declarations,2,8.07526143658901e-05,-0.6931471805599453,-5.597344697056126e-05
169,more,2,8.07526143658901e-05,-0.6931471805599453,-5.597344697056126e-05
204,tothe,2,8.07526143658901e-05,-0.6931471805599453,-5.597344697056126e-05
9,level,2,8.07526143658901e-05,-0.6931471805599453,-5.597344697056126e-05
989,checking,2,8.07526143658901e-05,-0.6931471805599453,-5.597344697056126e-05
373,calls,2,8.07526143658901e-05,-0.6931471805599453,-5.597344697056126e-05
1007,invoked,2,8.07526143658901e-05,-0.6931471805599453,-5.597344697056126e-05
343,Comments,2,8.07526143658901e-05,-0.6931471805599453,-5.597344697056126e-05
1009,cannot,2,8.07526143658901e-05,-0.6931471805599453,-5.597344697056126e-05
375,member,2,8.07526143658901e-05,-0.6931471805599453,-5.597344697056126e-05
341,points,2,8.07526143658901e-05,-0.6931471805599453,-5.597344697056126e-05
5,However,2,8.07526143658901e-05,-0.6931471805599453,-5.597344697056126e-05
347,simply,2,8.07526143658901e-05,-0.6931471805599453,-5.597344697056126e-05
366,available,2,8.07526143658901e-05,-0.6931471805599453,-5.597344697056126e-05
377,written,2,8.07526143658901e-05,-0.6931471805599453,-5.597344697056126e-05
31,initialized,2,8.07526143658901e-05,-0.6931471805599453,-5.597344697056126e-05
841,Simple,2,8.07526143658901e-05,-0.6931471805599453,-5.597344697056126e-05
365,Each,2,8.07526143658901e-05,-0.6931471805599453,-5.597344697056126e-05
335,awt,2,8.07526143658901e-05,-0.6931471805599453,-5.597344697056126e-05
328,orin,2,8.07526143658901e-05,-0.6931471805599453,-5.597344697056126e-05
993,interpreted,2,8.07526143658901e-05,-0.6931471805599453,-5.597344697056126e-05
67,illustrate,2,8.07526143658901e-05,-0.6931471805599453,-5.597344697056126e-05
329,particular,2,8.07526143658901e-05,-0.6931471805599453,-5.597344697056126e-05
381,AppletName,2,8.07526143658901e-05,-0.6931471805599453,-5.597344697056126e-05
985,existing,2,8.07526143658901e-05,-0.6931471805599453,-5.597344697056126e-05
1006,variableName,2,8.07526143658901e-05,-0.6931471805599453,-5.597344697056126e-05
398,addition,2,8.07526143658901e-05,-0.6931471805599453,-5.597344697056126e-05
330,argument,2,8.07526143658901e-05,-0.6931471805599453,-5.597344697056126e-05
334,execution,2,8.07526143658901e-05,-0.6931471805599453,-5.597344697056126e-05
36,opening,2,8.07526143658901e-05,-0.6931471805599453,-5.597344697056126e-05
369,instantiated,2,8.07526143658901e-05,-0.6931471805599453,-5.597344697056126e-05
988,independent,2,8.07526143658901e-05,-0.6931471805599453,-5.597344697056126e-05
1010,setTitle,2,8.07526143658901e-05,-0.6931471805599453,-5.597344697056126e-05
831,behavior,2,8.07526143658901e-05,-0.6931471805599453,-5.597344697056126e-05
835,If,2,8.07526143658901e-05,-0.6931471805599453,-5.597344697056126e-05
1001,Applets,2,8.07526143658901e-05,-0.6931471805599453,-5.597344697056126e-05
389,dynamically,2,8.07526143658901e-05,-0.6931471805599453,-5.597344697056126e-05
687,e6D,1,4.037630718294505e-05,0.0,0.0
688,visible,1,4.037630718294505e-05,0.0,0.0
953,Cloneable,1,4.037630718294505e-05,0.0,0.0
686,phase,1,4.037630718294505e-05,0.0,0.0
724,Javaruntime,1,4.037630718294505e-05,0.0,0.0
944,otherJava,1,4.037630718294505e-05,0.0,0.0
998,Javavariables,1,4.037630718294505e-05,0.0,0.0
947,Three,1,4.037630718294505e-05,0.0,0.0
934,manager,1,4.037630718294505e-05,0.0,0.0
936,freeing,1,4.037630718294505e-05,0.0,0.0
939,StartingClassName,1,4.037630718294505e-05,0.0,0.0
722,Generic,1,4.037630718294505e-05,0.0,0.0
949,keywords,1,4.037630718294505e-05,0.0,0.0
682,togroup,1,4.037630718294505e-05,0.0,0.0
681,SemanticsPortabilityJava,1,4.037630718294505e-05,0.0,0.0
475,arraya,1,4.037630718294505e-05,0.0,0.0
733,illegal,1,4.037630718294505e-05,0.0,0.0
726,Sockets,1,4.037630718294505e-05,0.0,0.0
940,StatementsJava,1,4.037630718294505e-05,0.0,0.0
943,broad,1,4.037630718294505e-05,0.0,0.0
730,attemptingto,1,4.037630718294505e-05,0.0,0.0
729,isrevisited,1,4.037630718294505e-05,0.0,0.0
945,things,1,4.037630718294505e-05,0.0,0.0
684,TypeDescriptionbooleantrue,1,4.037630718294505e-05,0.0,0.0
727,deiconify,1,4.037630718294505e-05,0.0,0.0
803,allowed,1,4.037630718294505e-05,0.0,0.0
1008,copysemantics,1,4.037630718294505e-05,0.0,0.0
732,proper,1,4.037630718294505e-05,0.0,0.0
735,implied,1,4.037630718294505e-05,0.0,0.0
941,thedifference,1,4.037630718294505e-05,0.0,0.0
980,guaranteed,1,4.037630718294505e-05,0.0,0.0
970,StructureA,1,4.037630718294505e-05,0.0,0.0
992,youmust,1,4.037630718294505e-05,0.0,0.0
721,body,1,4.037630718294505e-05,0.0,0.0
933,mandatory,1,4.037630718294505e-05,0.0,0.0
991,burden,1,4.037630718294505e-05,0.0,0.0
972,messagesfrom,1,4.037630718294505e-05,0.0,0.0
990,internally,1,4.037630718294505e-05,0.0,0.0
703,yourbrowser,1,4.037630718294505e-05,0.0,0.0
696,Version,1,4.037630718294505e-05,0.0,0.0
974,efficiency,1,4.037630718294505e-05,0.0,0.0
987,Classes,1,4.037630718294505e-05,0.0,0.0
975,sstill,1,4.037630718294505e-05,0.0,0.0
702,Bitmaps,1,4.037630718294505e-05,0.0,0.0
701,definitionsimport,1,4.037630718294505e-05,0.0,0.0
976,content,1,4.037630718294505e-05,0.0,0.0
700,atruntime,1,4.037630718294505e-05,0.0,0.0
986,ConstantsVariables,1,4.037630718294505e-05,0.0,0.0
981,Storing,1,4.037630718294505e-05,0.0,0.0
706,advantage,1,4.037630718294505e-05,0.0,0.0
1005,details,1,4.037630718294505e-05,0.0,0.0
707,generatedocumentation,1,4.037630718294505e-05,0.0,0.0
709,classthat,1,4.037630718294505e-05,0.0,0.0
1004,Part,1,4.037630718294505e-05,0.0,0.0
1002,upper,1,4.037630718294505e-05,0.0,0.0
984,allJava,1,4.037630718294505e-05,0.0,0.0
719,thedirectories,1,4.037630718294505e-05,0.0,0.0
997,Internet,1,4.037630718294505e-05,0.0,0.0
718,related,1,4.037630718294505e-05,0.0,0.0
717,Double,1,4.037630718294505e-05,0.0,0.0
690,constant077nullthe,1,4.037630718294505e-05,0.0,0.0
956,deep,1,4.037630718294505e-05,0.0,0.0
716,harm,1,4.037630718294505e-05,0.0,0.0
784,Method,1,4.037630718294505e-05,0.0,0.0
965,symbol,1,4.037630718294505e-05,0.0,0.0
794,undefined,1,4.037630718294505e-05,0.0,0.0
713,highest,1,4.037630718294505e-05,0.0,0.0
996,flavors,1,4.037630718294505e-05,0.0,0.0
712,longerneeded,1,4.037630718294505e-05,0.0,0.0
968,ofC,1,4.037630718294505e-05,0.0,0.0
711,toconvert,1,4.037630718294505e-05,0.0,0.0
995,problemsbecause,1,4.037630718294505e-05,0.0,0.0
969,inaccessible,1,4.037630718294505e-05,0.0,0.0
708,much,1,4.037630718294505e-05,0.0,0.0
821,running,1,4.037630718294505e-05,0.0,0.0
754,Frameremoves,1,4.037630718294505e-05,0.0,0.0
931,Interpreter,1,4.037630718294505e-05,0.0,0.0
797,beginwith,1,4.037630718294505e-05,0.0,0.0
851,whenquitting,1,4.037630718294505e-05,0.0,0.0
852,stale,1,4.037630718294505e-05,0.0,0.0
785,vspace,1,4.037630718294505e-05,0.0,0.0
793,whiledo,1,4.037630718294505e-05,0.0,0.0
792,implementor,1,4.037630718294505e-05,0.0,0.0
790,ParamTest,1,4.037630718294505e-05,0.0,0.0
854,compatible,1,4.037630718294505e-05,0.0,0.0
856,displays,1,4.037630718294505e-05,0.0,0.0
858,looks,1,4.037630718294505e-05,0.0,0.0
859,typesint,1,4.037630718294505e-05,0.0,0.0
798,u00aeboolean,1,4.037630718294505e-05,0.0,0.0
860,arguments,1,4.037630718294505e-05,0.0,0.0
787,corrupt,1,4.037630718294505e-05,0.0,0.0
863,Anything,1,4.037630718294505e-05,0.0,0.0
864,appropriate,1,4.037630718294505e-05,0.0,0.0
865,notpresent,1,4.037630718294505e-05,0.0,0.0
867,Instance,1,4.037630718294505e-05,0.0,0.0
715,andt,1,4.037630718294505e-05,0.0,0.0
705,methodshould,1,4.037630718294505e-05,0.0,0.0
840,atJava,1,4.037630718294505e-05,0.0,0.0
966,ishandled,1,4.037630718294505e-05,0.0,0.0
870,character,1,4.037630718294505e-05,0.0,0.0
780,portions,1,4.037630718294505e-05,0.0,0.0
779,When,1,4.037630718294505e-05,0.0,0.0
862,whenever,1,4.037630718294505e-05,0.0,0.0
799,suffixhexadecimal,1,4.037630718294505e-05,0.0,0.0
847,deallocates,1,4.037630718294505e-05,0.0,0.0
802,unnecessarily,1,4.037630718294505e-05,0.0,0.0
822,leading,1,4.037630718294505e-05,0.0,0.0
824,assignments,1,4.037630718294505e-05,0.0,0.0
817,youoverride,1,4.037630718294505e-05,0.0,0.0
816,stat1case,1,4.037630718294505e-05,0.0,0.0
815,objectsuperthe,1,4.037630718294505e-05,0.0,0.0
826,depot,1,4.037630718294505e-05,0.0,0.0
827,dimensional,1,4.037630718294505e-05,0.0,0.0
812,Window,1,4.037630718294505e-05,0.0,0.0
828,well,1,4.037630718294505e-05,0.0,0.0
829,local,1,4.037630718294505e-05,0.0,0.0
809,NullPointerException,1,4.037630718294505e-05,0.0,0.0
808,stat3,1,4.037630718294505e-05,0.0,0.0
807,often,1,4.037630718294505e-05,0.0,0.0
832,Stacks,1,4.037630718294505e-05,0.0,0.0
806,Jim,1,4.037630718294505e-05,0.0,0.0
833,leads,1,4.037630718294505e-05,0.0,0.0
834,structs,1,4.037630718294505e-05,0.0,0.0
805,blank,1,4.037630718294505e-05,0.0,0.0
837,concatenated,1,4.037630718294505e-05,0.0,0.0
838,square,1,4.037630718294505e-05,0.0,0.0
839,leaked,1,4.037630718294505e-05,0.0,0.0
869,fill,1,4.037630718294505e-05,0.0,0.0
270,translates,1,4.037630718294505e-05,0.0,0.0
257,distributed,1,4.037630718294505e-05,0.0,0.0
778,III,1,4.037630718294505e-05,0.0,0.0
761,plus,1,4.037630718294505e-05,0.0,0.0
736,useful,1,4.037630718294505e-05,0.0,0.0
873,onany,1,4.037630718294505e-05,0.0,0.0
874,searches,1,4.037630718294505e-05,0.0,0.0
758,including,1,4.037630718294505e-05,0.0,0.0
920,mainwindow,1,4.037630718294505e-05,0.0,0.0
921,useStringBuffer,1,4.037630718294505e-05,0.0,0.0
757,constant4float,1,4.037630718294505e-05,0.0,0.0
923,basic,1,4.037630718294505e-05,0.0,0.0
755,effort,1,4.037630718294505e-05,0.0,0.0
924,representation,1,4.037630718294505e-05,0.0,0.0
925,hspace,1,4.037630718294505e-05,0.0,0.0
753,functionwould,1,4.037630718294505e-05,0.0,0.0
844,Blah,1,4.037630718294505e-05,0.0,0.0
752,interesting,1,4.037630718294505e-05,0.0,0.0
917,sections,1,4.037630718294505e-05,0.0,0.0
750,returnreturn,1,4.037630718294505e-05,0.0,0.0
748,observation,1,4.037630718294505e-05,0.0,0.0
747,typespurely,1,4.037630718294505e-05,0.0,0.0
746,remains,1,4.037630718294505e-05,0.0,0.0
745,Put,1,4.037630718294505e-05,0.0,0.0
927,page,1,4.037630718294505e-05,0.0,0.0
743,Return,1,4.037630718294505e-05,0.0,0.0
741,parameterscodebase,1,4.037630718294505e-05,0.0,0.0
928,TypesPrimitive,1,4.037630718294505e-05,0.0,0.0
929,leakage,1,4.037630718294505e-05,0.0,0.0
738,ifthey,1,4.037630718294505e-05,0.0,0.0
737,block,1,4.037630718294505e-05,0.0,0.0
751,methodcauses,1,4.037630718294505e-05,0.0,0.0
913,scrollbars,1,4.037630718294505e-05,0.0,0.0
875,testCommentsJava,1,4.037630718294505e-05,0.0,0.0
231,happens,1,4.037630718294505e-05,0.0,0.0
269,independentbyte,1,4.037630718294505e-05,0.0,0.0
876,integerint,1,4.037630718294505e-05,0.0,0.0
773,difficult,1,4.037630718294505e-05,0.0,0.0
880,shift,1,4.037630718294505e-05,0.0,0.0
881,jumping,1,4.037630718294505e-05,0.0,0.0
771,buttonsa,1,4.037630718294505e-05,0.0,0.0
883,allocation,1,4.037630718294505e-05,0.0,0.0
886,outside,1,4.037630718294505e-05,0.0,0.0
890,bindJava,1,4.037630718294505e-05,0.0,0.0
891,means,1,4.037630718294505e-05,0.0,0.0
769,themout,1,4.037630718294505e-05,0.0,0.0
768,arithmeticJava,1,4.037630718294505e-05,0.0,0.0
892,commenting,1,4.037630718294505e-05,0.0,0.0
893,Multi,1,4.037630718294505e-05,0.0,0.0
766,mml,1,4.037630718294505e-05,0.0,0.0
894,computer,1,4.037630718294505e-05,0.0,0.0
899,notspecify,1,4.037630718294505e-05,0.0,0.0
765,discussed,1,4.037630718294505e-05,0.0,0.0
764,Such,1,4.037630718294505e-05,0.0,0.0
902,scoped,1,4.037630718294505e-05,0.0,0.0
762,constant0x123octal,1,4.037630718294505e-05,0.0,0.0
904,differences,1,4.037630718294505e-05,0.0,0.0
911,nameListobj,1,4.037630718294505e-05,0.0,0.0
912,loader,1,4.037630718294505e-05,0.0,0.0
776,bitschar16,1,4.037630718294505e-05,0.0,0.0
849,right,1,4.037630718294505e-05,0.0,0.0
0,commentary,1,4.037630718294505e-05,0.0,0.0
676,iconifyyour,1,4.037630718294505e-05,0.0,0.0
230,Buttonobject,1,4.037630718294505e-05,0.0,0.0
749,arrayobject,1,4.037630718294505e-05,0.0,0.0
915,Id,1,4.037630718294505e-05,0.0,0.0
232,requires,1,4.037630718294505e-05,0.0,0.0
233,native,1,4.037630718294505e-05,0.0,0.0
226,PC,1,4.037630718294505e-05,0.0,0.0
242,Therefore,1,4.037630718294505e-05,0.0,0.0
229,Language,1,4.037630718294505e-05,0.0,0.0
243,applies,1,4.037630718294505e-05,0.0,0.0
245,Standalone,1,4.037630718294505e-05,0.0,0.0
247,errors,1,4.037630718294505e-05,0.0,0.0
249,stat2switchswitch,1,4.037630718294505e-05,0.0,0.0
251,corner,1,4.037630718294505e-05,0.0,0.0
253,above,1,4.037630718294505e-05,0.0,0.0
254,CollectionAn,1,4.037630718294505e-05,0.0,0.0
256,calledequals,1,4.037630718294505e-05,0.0,0.0
244,disks,1,4.037630718294505e-05,0.0,0.0
228,command,1,4.037630718294505e-05,0.0,0.0
227,index,1,4.037630718294505e-05,0.0,0.0
182,considered,1,4.037630718294505e-05,0.0,0.0
222,normal,1,4.037630718294505e-05,0.0,0.0
188,compared,1,4.037630718294505e-05,0.0,0.0
190,clean,1,4.037630718294505e-05,0.0,0.0
191,thatknow,1,4.037630718294505e-05,0.0,0.0
194,Thisstatement,1,4.037630718294505e-05,0.0,0.0
197,calledonce,1,4.037630718294505e-05,0.0,0.0
201,thisthe,1,4.037630718294505e-05,0.0,0.0
202,accompanying,1,4.037630718294505e-05,0.0,0.0
206,UNICODE,1,4.037630718294505e-05,0.0,0.0
208,int00000In,1,4.037630718294505e-05,0.0,0.0
210,objectresults,1,4.037630718294505e-05,0.0,0.0
211,suffixdouble,1,4.037630718294505e-05,0.0,0.0
212,operating,1,4.037630718294505e-05,0.0,0.0
216,stats,1,4.037630718294505e-05,0.0,0.0
223,Pointers,1,4.037630718294505e-05,0.0,0.0
842,combination,1,4.037630718294505e-05,0.0,0.0
225,respond,1,4.037630718294505e-05,0.0,0.0
265,Instead,1,4.037630718294505e-05,0.0,0.0
238,operations,1,4.037630718294505e-05,0.0,0.0
240,orviruses,1,4.037630718294505e-05,0.0,0.0
258,nameListqualified,1,4.037630718294505e-05,0.0,0.0
259,many,1,4.037630718294505e-05,0.0,0.0
261,objectGeneral,1,4.037630718294505e-05,0.0,0.0
304,ExecutionThe,1,4.037630718294505e-05,0.0,0.0
307,Terence,1,4.037630718294505e-05,0.0,0.0
308,npackage,1,4.037630718294505e-05,0.0,0.0
310,StatementsStatementExamplesifif,1,4.037630718294505e-05,0.0,0.0
311,hostplatform,1,4.037630718294505e-05,0.0,0.0
315,drawing,1,4.037630718294505e-05,0.0,0.0
316,brackets,1,4.037630718294505e-05,0.0,0.0
318,codenew,1,4.037630718294505e-05,0.0,0.0
323,zero,1,4.037630718294505e-05,0.0,0.0
324,single,1,4.037630718294505e-05,0.0,0.0
325,removed,1,4.037630718294505e-05,0.0,0.0
326,codedirectly,1,4.037630718294505e-05,0.0,0.0
327,instead,1,4.037630718294505e-05,0.0,0.0
331,runs,1,4.037630718294505e-05,0.0,0.0
333,created,1,4.037630718294505e-05,0.0,0.0
337,align,1,4.037630718294505e-05,0.0,0.0
339,stat1if,1,4.037630718294505e-05,0.0,0.0
301,javadoc,1,4.037630718294505e-05,0.0,0.0
177,EqualityTwo,1,4.037630718294505e-05,0.0,0.0
300,rewrite,1,4.037630718294505e-05,0.0,0.0
293,Applications,1,4.037630718294505e-05,0.0,0.0
262,lack,1,4.037630718294505e-05,0.0,0.0
263,inflexible,1,4.037630718294505e-05,0.0,0.0
264,something,1,4.037630718294505e-05,0.0,0.0
266,systemresources,1,4.037630718294505e-05,0.0,0.0
734,complexity,1,4.037630718294505e-05,0.0,0.0
99,automaticallys,1,4.037630718294505e-05,0.0,0.0
613,acompilation,1,4.037630718294505e-05,0.0,0.0
274,reserve,1,4.037630718294505e-05,0.0,0.0
275,priority,1,4.037630718294505e-05,0.0,0.0
279,Common,1,4.037630718294505e-05,0.0,0.0
280,Buttonnull,1,4.037630718294505e-05,0.0,0.0
281,deallocated,1,4.037630718294505e-05,0.0,0.0
287,CLASSPATH,1,4.037630718294505e-05,0.0,0.0
288,area,1,4.037630718294505e-05,0.0,0.0
291,literals,1,4.037630718294505e-05,0.0,0.0
297,apply,1,4.037630718294505e-05,0.0,0.0
340,objectPrimitive,1,4.037630718294505e-05,0.0,0.0
173,modified,1,4.037630718294505e-05,0.0,0.0
170,systems,1,4.037630718294505e-05,0.0,0.0
46,stat2default,1,4.037630718294505e-05,0.0,0.0
39,contained,1,4.037630718294505e-05,0.0,0.0
47,AppletTemplate,1,4.037630718294505e-05,0.0,0.0
54,every,1,4.037630718294505e-05,0.0,0.0
55,idInteger,1,4.037630718294505e-05,0.0,0.0
56,programmingThe,1,4.037630718294505e-05,0.0,0.0
59,takes,1,4.037630718294505e-05,0.0,0.0
40,ValuesArguments,1,4.037630718294505e-05,0.0,0.0
60,Interfaces,1,4.037630718294505e-05,0.0,0.0
63,terminated,1,4.037630718294505e-05,0.0,0.0
64,literaltrue,1,4.037630718294505e-05,0.0,0.0
65,allocatesmemory,1,4.037630718294505e-05,0.0,0.0
66,optionally,1,4.037630718294505e-05,0.0,0.0
68,note,1,4.037630718294505e-05,0.0,0.0
70,completely,1,4.037630718294505e-05,0.0,0.0
71,Arraysint,1,4.037630718294505e-05,0.0,0.0
49,processed,1,4.037630718294505e-05,0.0,0.0
157,order,1,4.037630718294505e-05,0.0,0.0
549,MAX_VALUE,1,4.037630718294505e-05,0.0,0.0
1,inJava,1,4.037630718294505e-05,0.0,0.0
2,sizes,1,4.037630718294505e-05,0.0,0.0
8,DescriptionJava,1,4.037630718294505e-05,0.0,0.0
12,expressions,1,4.037630718294505e-05,0.0,0.0
13,equivalentcode,1,4.037630718294505e-05,0.0,0.0
14,proneJava,1,4.037630718294505e-05,0.0,0.0
15,latest,1,4.037630718294505e-05,0.0,0.0
19,before,1,4.037630718294505e-05,0.0,0.0
20,modules,1,4.037630718294505e-05,0.0,0.0
22,img,1,4.037630718294505e-05,0.0,0.0
24,number,1,4.037630718294505e-05,0.0,0.0
27,nonportable,1,4.037630718294505e-05,0.0,0.0
28,statwhilewhile,1,4.037630718294505e-05,0.0,0.0
29,conversions,1,4.037630718294505e-05,0.0,0.0
32,places,1,4.037630718294505e-05,0.0,0.0
33,listed,1,4.037630718294505e-05,0.0,0.0
35,restrictions,1,4.037630718294505e-05,0.0,0.0
74,statdo,1,4.037630718294505e-05,0.0,0.0
83,lines,1,4.037630718294505e-05,0.0,0.0
91,Descriptionidi,1,4.037630718294505e-05,0.0,0.0
92,across,1,4.037630718294505e-05,0.0,0.0
139,notnecessary,1,4.037630718294505e-05,0.0,0.0
141,reduces,1,4.037630718294505e-05,0.0,0.0
142,multiple,1,4.037630718294505e-05,0.0,0.0
144,convention,1,4.037630718294505e-05,0.0,0.0
148,old,1,4.037630718294505e-05,0.0,0.0
149,Byte,1,4.037630718294505e-05,0.0,0.0
150,deallocating,1,4.037630718294505e-05,0.0,0.0
151,returns,1,4.037630718294505e-05,0.0,0.0
152,Aplications,1,4.037630718294505e-05,0.0,0.0
62,double64,1,4.037630718294505e-05,0.0,0.0
156,provided,1,4.037630718294505e-05,0.0,0.0
38,pretend,1,4.037630718294505e-05,0.0,0.0
158,Sends,1,4.037630718294505e-05,0.0,0.0
106,Ifyou,1,4.037630718294505e-05,0.0,0.0
160,MML,1,4.037630718294505e-05,0.0,0.0
163,nested,1,4.037630718294505e-05,0.0,0.0
561,bring,1,4.037630718294505e-05,0.0,0.0
164,linking,1,4.037630718294505e-05,0.0,0.0
165,try,1,4.037630718294505e-05,0.0,0.0
137,bitsint32,1,4.037630718294505e-05,0.0,0.0
172,pointerYou,1,4.037630718294505e-05,0.0,0.0
136,precedence,1,4.037630718294505e-05,0.0,0.0
132,parseInt,1,4.037630718294505e-05,0.0,0.0
96,Tnew,1,4.037630718294505e-05,0.0,0.0
97,realobjects,1,4.037630718294505e-05,0.0,0.0
98,lowercase,1,4.037630718294505e-05,0.0,0.0
775,ObjectsAssignment,1,4.037630718294505e-05,0.0,0.0
105,superclass,1,4.037630718294505e-05,0.0,0.0
103,consequence,1,4.037630718294505e-05,0.0,0.0
125,shallow,1,4.037630718294505e-05,0.0,0.0
344,five,1,4.037630718294505e-05,0.0,0.0
107,major,1,4.037630718294505e-05,0.0,0.0
108,tosubclass,1,4.037630718294505e-05,0.0,0.0
111,ofcode,1,4.037630718294505e-05,0.0,0.0
112,potential,1,4.037630718294505e-05,0.0,0.0
346,relieving,1,4.037630718294505e-05,0.0,0.0
116,values,1,4.037630718294505e-05,0.0,0.0
120,bitsfloat32,1,4.037630718294505e-05,0.0,0.0
124,tobe,1,4.037630718294505e-05,0.0,0.0
127,virtually,1,4.037630718294505e-05,0.0,0.0
135,methodsRobustnessThe,1,4.037630718294505e-05,0.0,0.0
345,differently,1,4.037630718294505e-05,0.0,0.0
94,constants,1,4.037630718294505e-05,0.0,0.0
37,painting,1,4.037630718294505e-05,0.0,0.0
577,AWT,1,4.037630718294505e-05,0.0,0.0
547,Macapplication,1,4.037630718294505e-05,0.0,0.0
562,market,1,4.037630718294505e-05,0.0,0.0
566,back,1,4.037630718294505e-05,0.0,0.0
571,creating,1,4.037630718294505e-05,0.0,0.0
573,giant,1,4.037630718294505e-05,0.0,0.0
574,calledArrayIndexOutOfBoundsException,1,4.037630718294505e-05,0.0,0.0
559,andformats,1,4.037630718294505e-05,0.0,0.0
576,effects,1,4.037630718294505e-05,0.0,0.0
579,ofyour,1,4.037630718294505e-05,0.0,0.0
580,members,1,4.037630718294505e-05,0.0,0.0
582,Float,1,4.037630718294505e-05,0.0,0.0
584,publicclass,1,4.037630718294505e-05,0.0,0.0
587,intsnew,1,4.037630718294505e-05,0.0,0.0
589,becomes,1,4.037630718294505e-05,0.0,0.0
592,programinstantiates,1,4.037630718294505e-05,0.0,0.0
557,treated,1,4.037630718294505e-05,0.0,0.0
556,incorrect,1,4.037630718294505e-05,0.0,0.0
554,ApplicationConsider,1,4.037630718294505e-05,0.0,0.0
525,executionsequence,1,4.037630718294505e-05,0.0,0.0
528,several,1,4.037630718294505e-05,0.0,0.0
529,javaBasics,1,4.037630718294505e-05,0.0,0.0
535,redrawn,1,4.037630718294505e-05,0.0,0.0
536,Final,1,4.037630718294505e-05,0.0,0.0
537,follows,1,4.037630718294505e-05,0.0,0.0
539,asnew,1,4.037630718294505e-05,0.0,0.0
541,othermachines,1,4.037630718294505e-05,0.0,0.0
542,surroundingit,1,4.037630718294505e-05,0.0,0.0
543,declaration,1,4.037630718294505e-05,0.0,0.0
546,What,1,4.037630718294505e-05,0.0,0.0
159,figure,1,4.037630718294505e-05,0.0,0.0
563,bitslong64,1,4.037630718294505e-05,0.0,0.0
271,toString,1,4.037630718294505e-05,0.0,0.0
550,fragments,1,4.037630718294505e-05,0.0,0.0
552,elementsJava,1,4.037630718294505e-05,0.0,0.0
553,invalid,1,4.037630718294505e-05,0.0,0.0
593,immediately,1,4.037630718294505e-05,0.0,0.0
595,referring,1,4.037630718294505e-05,0.0,0.0
597,Forms,1,4.037630718294505e-05,0.0,0.0
601,thatspecify,1,4.037630718294505e-05,0.0,0.0
639,forget,1,4.037630718294505e-05,0.0,0.0
644,InitializersVariables,1,4.037630718294505e-05,0.0,0.0
647,lowest,1,4.037630718294505e-05,0.0,0.0
648,BasicsTopics,1,4.037630718294505e-05,0.0,0.0
649,SemanticsWe,1,4.037630718294505e-05,0.0,0.0
650,implements,1,4.037630718294505e-05,0.0,0.0
652,trivial,1,4.037630718294505e-05,0.0,0.0
655,libraries,1,4.037630718294505e-05,0.0,0.0
609,notices,1,4.037630718294505e-05,0.0,0.0
657,objid,1,4.037630718294505e-05,0.0,0.0
666,fromall,1,4.037630718294505e-05,0.0,0.0
667,ObjectsButton,1,4.037630718294505e-05,0.0,0.0
668,current,1,4.037630718294505e-05,0.0,0.0
669,Forexample,1,4.037630718294505e-05,0.0,0.0
671,think,1,4.037630718294505e-05,0.0,0.0
673,referred,1,4.037630718294505e-05,0.0,0.0
675,e6F,1,4.037630718294505e-05,0.0,0.0
638,allocateduntil,1,4.037630718294505e-05,0.0,0.0
524,archives,1,4.037630718294505e-05,0.0,0.0
637,AppletThe,1,4.037630718294505e-05,0.0,0.0
634,functionthat,1,4.037630718294505e-05,0.0,0.0
605,onetwo,1,4.037630718294505e-05,0.0,0.0
606,standardoutput,1,4.037630718294505e-05,0.0,0.0
659,drawString,1,4.037630718294505e-05,0.0,0.0
551,calling,1,4.037630718294505e-05,0.0,0.0
610,context,1,4.037630718294505e-05,0.0,0.0
614,objectOperatorsThe,1,4.037630718294505e-05,0.0,0.0
616,named,1,4.037630718294505e-05,0.0,0.0
617,designed,1,4.037630718294505e-05,0.0,0.0
618,DLLs,1,4.037630718294505e-05,0.0,0.0
619,StringsJava,1,4.037630718294505e-05,0.0,0.0
620,software,1,4.037630718294505e-05,0.0,0.0
621,Javalanguage,1,4.037630718294505e-05,0.0,0.0
623,after,1,4.037630718294505e-05,0.0,0.0
626,linked,1,4.037630718294505e-05,0.0,0.0
630,what,1,4.037630718294505e-05,0.0,0.0
635,publicly,1,4.037630718294505e-05,0.0,0.0
518,say,1,4.037630718294505e-05,0.0,0.0
516,amethod,1,4.037630718294505e-05,0.0,0.0
515,efficient,1,4.037630718294505e-05,0.0,0.0
394,NetscapeNavigator,1,4.037630718294505e-05,0.0,0.0
397,Creates,1,4.037630718294505e-05,0.0,0.0
400,pointerb,1,4.037630718294505e-05,0.0,0.0
401,translated,1,4.037630718294505e-05,0.0,0.0
402,ExpressionsMost,1,4.037630718294505e-05,0.0,0.0
403,intentionally,1,4.037630718294505e-05,0.0,0.0
405,already,1,4.037630718294505e-05,0.0,0.0
406,Your,1,4.037630718294505e-05,0.0,0.0
407,creation,1,4.037630718294505e-05,0.0,0.0
408,making,1,4.037630718294505e-05,0.0,0.0
409,steal,1,4.037630718294505e-05,0.0,0.0
410,exceptionsJava,1,4.037630718294505e-05,0.0,0.0
412,defense,1,4.037630718294505e-05,0.0,0.0
415,jperforms,1,4.037630718294505e-05,0.0,0.0
416,loadable,1,4.037630718294505e-05,0.0,0.0
417,integrateyour,1,4.037630718294505e-05,0.0,0.0
607,leaks,1,4.037630718294505e-05,0.0,0.0
418,JavaBasics,1,4.037630718294505e-05,0.0,0.0
393,Parameters,1,4.037630718294505e-05,0.0,0.0
423,item,1,4.037630718294505e-05,0.0,0.0
367,Unicode,1,4.037630718294505e-05,0.0,0.0
385,copyJava,1,4.037630718294505e-05,0.0,0.0
348,signature,1,4.037630718294505e-05,0.0,0.0
349,forfor,1,4.037630718294505e-05,0.0,0.0
351,Browser,1,4.037630718294505e-05,0.0,0.0
352,user,1,4.037630718294505e-05,0.0,0.0
354,avoid,1,4.037630718294505e-05,0.0,0.0
355,heapwould,1,4.037630718294505e-05,0.0,0.0
357,obtained,1,4.037630718294505e-05,0.0,0.0
359,another,1,4.037630718294505e-05,0.0,0.0
360,menus,1,4.037630718294505e-05,0.0,0.0
362,stored,1,4.037630718294505e-05,0.0,0.0
363,demand,1,4.037630718294505e-05,0.0,0.0
364,specified,1,4.037630718294505e-05,0.0,0.0
370,specifically,1,4.037630718294505e-05,0.0,0.0
488,next,1,4.037630718294505e-05,0.0,0.0
376,callclass,1,4.037630718294505e-05,0.0,0.0
378,needsto,1,4.037630718294505e-05,0.0,0.0
383,leaves,1,4.037630718294505e-05,0.0,0.0
386,also,1,4.037630718294505e-05,0.0,0.0
677,availablefor,1,4.037630718294505e-05,0.0,0.0
428,Owner,1,4.037630718294505e-05,0.0,0.0
435,crashesduring,1,4.037630718294505e-05,0.0,0.0
479,terminates,1,4.037630718294505e-05,0.0,0.0
482,DeclarationsA,1,4.037630718294505e-05,0.0,0.0
483,src,1,4.037630718294505e-05,0.0,0.0
484,having,1,4.037630718294505e-05,0.0,0.0
485,thereby,1,4.037630718294505e-05,0.0,0.0
486,issue,1,4.037630718294505e-05,0.0,0.0
490,intsVector,1,4.037630718294505e-05,0.0,0.0
611,ObjectsIn,1,4.037630718294505e-05,0.0,0.0
492,malloc,1,4.037630718294505e-05,0.0,0.0
272,ExecutionAn,1,4.037630718294505e-05,0.0,0.0
392,IV,1,4.037630718294505e-05,0.0,0.0
497,abc,1,4.037630718294505e-05,0.0,0.0
499,Memory,1,4.037630718294505e-05,0.0,0.0
505,converted,1,4.037630718294505e-05,0.0,0.0
1011,aseparate,1,4.037630718294505e-05,0.0,0.0
507,acollection,1,4.037630718294505e-05,0.0,0.0
510,sockets,1,4.037630718294505e-05,0.0,0.0
514,bepreceded,1,4.037630718294505e-05,0.0,0.0
477,environments,1,4.037630718294505e-05,0.0,0.0
430,together,1,4.037630718294505e-05,0.0,0.0
476,TypesThe,1,4.037630718294505e-05,0.0,0.0
472,becausethey,1,4.037630718294505e-05,0.0,0.0
438,valueOf,1,4.037630718294505e-05,0.0,0.0
440,commentswhere,1,4.037630718294505e-05,0.0,0.0
441,lifecyclemethodsThe,1,4.037630718294505e-05,0.0,0.0
442,short16,1,4.037630718294505e-05,0.0,0.0
443,tedious,1,4.037630718294505e-05,0.0,0.0
445,Javaobject,1,4.037630718294505e-05,0.0,0.0
446,pointed,1,4.037630718294505e-05,0.0,0.0
447,InterfaceThe,1,4.037630718294505e-05,0.0,0.0
449,isn,1,4.037630718294505e-05,0.0,0.0
452,tells,1,4.037630718294505e-05,0.0,0.0
453,falsebyte8,1,4.037630718294505e-05,0.0,0.0
455,thereforeJava,1,4.037630718294505e-05,0.0,0.0
456,files,1,4.037630718294505e-05,0.0,0.0
464,codeButton,1,4.037630718294505e-05,0.0,0.0
465,find,1,4.037630718294505e-05,0.0,0.0
466,SecurityThe,1,4.037630718294505e-05,0.0,0.0
469,typeelement,1,4.037630718294505e-05,0.0,0.0
495,closing,1,4.037630718294505e-05,0.0,0.0
506,diagram,1,4.037630718294505e-05,0.0,0.0
